topic,question,original
Jazz Music,Do you find enjoyment in listening to jazz music?,Do you enjoy listening to jazz music?
Jazz Music,Do you enjoy listening to jazz music?,Do you enjoy listening to jazz music?
Jazz Music,Are you a fan of listening to jazz music?,Do you enjoy listening to jazz music?
Jazz Music,Does listening to jazz music bring you joy?,Do you enjoy listening to jazz music?
Jazz Music,Is jazz music something you take pleasure in listening to?,Do you enjoy listening to jazz music?
Jazz Music,Do you think jazz music is a vital part of the cultural history of America?,Do you consider jazz music to be an important part of American cultural history?
Jazz Music,Is jazz music a significant element of American cultural history in your opinion?,Do you consider jazz music to be an important part of American cultural history?
Jazz Music,Do you believe jazz music holds a crucial role in the cultural history of America?,Do you consider jazz music to be an important part of American cultural history?
Jazz Music,Do you consider jazz music to be an important part of American cultural history?,Do you consider jazz music to be an important part of American cultural history?
Jazz Music,"In your view, does jazz music play an important role in the cultural history of the United States?",Do you consider jazz music to be an important part of American cultural history?
Jazz Music,Are you drawn to the improvisation in jazz music?,Do you find the improvisation in jazz music appealing?
Jazz Music,Is the improvisation in jazz music attractive to you?,Do you find the improvisation in jazz music appealing?
Jazz Music,Does the improvisation in jazz music appeal to you?,Do you find the improvisation in jazz music appealing?
Jazz Music,Do you enjoy the improvisation aspect of jazz music?,Do you find the improvisation in jazz music appealing?
Jazz Music,Do you find the improvisation in jazz music appealing?,Do you find the improvisation in jazz music appealing?
Mount Rushmore,Do you consider the presidents chosen for Mount Rushmore to be fitting?,Do you think the selection of presidents on Mount Rushmore is appropriate?
Mount Rushmore,Is the selection of presidents on Mount Rushmore appropriate in your opinion?,Do you think the selection of presidents on Mount Rushmore is appropriate?
Mount Rushmore,Do you think the selection of presidents on Mount Rushmore is appropriate?,Do you think the selection of presidents on Mount Rushmore is appropriate?
Mount Rushmore,Do you agree with the selection of presidents that are represented on Mount Rushmore?,Do you think the selection of presidents on Mount Rushmore is appropriate?
Mount Rushmore,Do you believe the choice of presidents on Mount Rushmore is suitable?,Do you think the selection of presidents on Mount Rushmore is appropriate?
Mount Rushmore,Are you in agreement with the carving of Mount Rushmore in the Black Hills region of South Dakota?,Do you agree with the decision to carve Mount Rushmore in the Black Hills region of South Dakota?
Mount Rushmore,Do you agree with the decision to carve Mount Rushmore in the Black Hills region of South Dakota?,Do you agree with the decision to carve Mount Rushmore in the Black Hills region of South Dakota?
Mount Rushmore,Do you support the choice to carve Mount Rushmore in the Black Hills region of South Dakota?,Do you agree with the decision to carve Mount Rushmore in the Black Hills region of South Dakota?
Mount Rushmore,Is the decision to sculpt Mount Rushmore in the Black Hills area of South Dakota something you agree with?,Do you agree with the decision to carve Mount Rushmore in the Black Hills region of South Dakota?
Mount Rushmore,Do you concur with the decision to create Mount Rushmore in the Black Hills region of South Dakota?,Do you agree with the decision to carve Mount Rushmore in the Black Hills region of South Dakota?
Mount Rushmore,Is Mount Rushmore a significant emblem of American history in your opinion?,Do you believe Mount Rushmore is an important symbol of American history?
Mount Rushmore,Do you consider Mount Rushmore to be a crucial representation of American history?,Do you believe Mount Rushmore is an important symbol of American history?
Mount Rushmore,Do you think Mount Rushmore symbolizes important aspects of American history?,Do you believe Mount Rushmore is an important symbol of American history?
Mount Rushmore,"In your view, does Mount Rushmore hold importance as a symbol of American history?",Do you believe Mount Rushmore is an important symbol of American history?
Mount Rushmore,Do you believe Mount Rushmore is an important symbol of American history?,Do you believe Mount Rushmore is an important symbol of American history?
NASA,Do you believe that society benefits from NASA's research and exploration activities?,Do you think NASA's research and exploration efforts are beneficial to society?
NASA,Do you think NASA's research and exploration efforts are beneficial to society?,Do you think NASA's research and exploration efforts are beneficial to society?
NASA,"In your view, does society gain from the research and exploration conducted by NASA?",Do you think NASA's research and exploration efforts are beneficial to society?
NASA,Is NASA's research and exploration work advantageous to society in your opinion?,Do you think NASA's research and exploration efforts are beneficial to society?
NASA,Do you consider the research and exploration initiatives of NASA to be beneficial to society?,Do you think NASA's research and exploration efforts are beneficial to society?
NASA,"Do you agree with the idea of certain elements of space exploration, presently under NASA, being privatized?","Do you support the privatization of certain aspects of space exploration, currently handled by NASA?"
NASA,"Do you support the privatization of certain aspects of space exploration, currently handled by NASA?","Do you support the privatization of certain aspects of space exploration, currently handled by NASA?"
NASA,"Do you back the idea of privatizing some areas of space exploration, which are currently overseen by NASA?","Do you support the privatization of certain aspects of space exploration, currently handled by NASA?"
NASA,Would you endorse the privatization of some facets of space exploration that are now under the control of NASA?,"Do you support the privatization of certain aspects of space exploration, currently handled by NASA?"
NASA,Are you in favor of privatizing some parts of space exploration that are currently managed by NASA?,"Do you support the privatization of certain aspects of space exploration, currently handled by NASA?"
NASA,Do you believe NASA's budget should be increased?,Do you believe NASA's budget should be increased?
NASA,Do you think NASA should receive more funding?,Do you believe NASA's budget should be increased?
NASA,Do you support a budget increase for NASA?,Do you believe NASA's budget should be increased?
NASA,"Should NASA's budget be raised, in your opinion?",Do you believe NASA's budget should be increased?
NASA,Is it your belief that NASA's funding should be augmented?,Do you believe NASA's budget should be increased?
NASA,Is NASA's concentration on Mars exploration something you agree with?,Do you agree with NASA's focus on Mars exploration?
NASA,Do you concur with NASA's priority on Mars exploration?,Do you agree with NASA's focus on Mars exploration?
NASA,Do you support NASA's emphasis on exploring Mars?,Do you agree with NASA's focus on Mars exploration?
NASA,Do you agree with NASA's focus on Mars exploration?,Do you agree with NASA's focus on Mars exploration?
NASA,Are you in agreement with NASA's focus on the exploration of Mars?,Do you agree with NASA's focus on Mars exploration?
National Parks,Should the United States increase the number of National Parks?,Do you think the number of National Parks in the United States should be increased?
National Parks,Do you believe there should be more National Parks in the United States?,Do you think the number of National Parks in the United States should be increased?
National Parks,Is it your opinion that the United States should have more National Parks?,Do you think the number of National Parks in the United States should be increased?
National Parks,Do you support the idea of increasing the number of National Parks in the United States?,Do you think the number of National Parks in the United States should be increased?
National Parks,Do you think the number of National Parks in the United States should be increased?,Do you think the number of National Parks in the United States should be increased?
National Parks,Is it your opinion that the government should assign more money to the safeguarding and upkeep of National Parks?,Should the government allocate more funds to maintain and protect National Parks?
National Parks,Is it necessary for the government to increase funding for the preservation and upkeep of National Parks?,Should the government allocate more funds to maintain and protect National Parks?
National Parks,Should the government allocate more funds to maintain and protect National Parks?,Should the government allocate more funds to maintain and protect National Parks?
National Parks,Do you believe the government should dedicate more resources to the protection and maintenance of National Parks?,Should the government allocate more funds to maintain and protect National Parks?
National Parks,Should the government increase its budget for the conservation and maintenance of National Parks?,Should the government allocate more funds to maintain and protect National Parks?
National Parks,Do you hold the view that biodiversity is preserved by National Parks?,Do you believe National Parks are important for preserving biodiversity?
National Parks,Do you think that National Parks are essential in maintaining biodiversity?,Do you believe National Parks are important for preserving biodiversity?
National Parks,Do you believe National Parks are important for preserving biodiversity?,Do you believe National Parks are important for preserving biodiversity?
National Parks,Is it your belief that National Parks play a crucial role in the preservation of biodiversity?,Do you believe National Parks are important for preserving biodiversity?
National Parks,Do you consider National Parks to be important in the conservation of biodiversity?,Do you believe National Parks are important for preserving biodiversity?
Route 66,Do you support the idea of the U.S. government investing in the restoration of Route 66?,Do you think the U.S. government should invest in restoring Route 66?
Route 66,Is it your opinion that the U.S. government should finance the restoration of Route 66?,Do you think the U.S. government should invest in restoring Route 66?
Route 66,Do you think the U.S. government should invest in restoring Route 66?,Do you think the U.S. government should invest in restoring Route 66?
Route 66,Do you believe it's a good idea for the U.S. government to fund the restoration of Route 66?,Do you think the U.S. government should invest in restoring Route 66?
Route 66,Should the U.S. government put money into the restoration of Route 66?,Do you think the U.S. government should invest in restoring Route 66?
Route 66,Do you think Route 66 should be reintroduced as a major highway?,Do you think Route 66 should be reintroduced as a major highway?
Route 66,Do you believe Route 66 should be reestablished as a main highway?,Do you think Route 66 should be reintroduced as a major highway?
Route 66,"Should Route 66 be brought back as a major highway, in your opinion?",Do you think Route 66 should be reintroduced as a major highway?
Route 66,"In your view, should Route 66 be restored as a primary highway?",Do you think Route 66 should be reintroduced as a major highway?
Route 66,Do you support the idea of Route 66 being reinstated as a major highway?,Do you think Route 66 should be reintroduced as a major highway?
Route 66,Is the idea of a Route 66 museum something you would support?,Would you support the idea of a Route 66 museum?
Route 66,Are you in favor of a Route 66 museum?,Would you support the idea of a Route 66 museum?
Route 66,Would you endorse the proposal of a Route 66 museum?,Would you support the idea of a Route 66 museum?
Route 66,Do you back the concept of a Route 66 museum?,Would you support the idea of a Route 66 museum?
Route 66,Would you support the idea of a Route 66 museum?,Would you support the idea of a Route 66 museum?
Route 66,Do you think Route 66 should be maintained as a historical landmark?,Do you believe Route 66 should be preserved as a historical landmark?
Route 66,Should Route 66 be kept as a historical landmark in your opinion?,Do you believe Route 66 should be preserved as a historical landmark?
Route 66,Is it your belief that Route 66 should be conserved as a historical landmark?,Do you believe Route 66 should be preserved as a historical landmark?
Route 66,Do you believe Route 66 should be preserved as a historical landmark?,Do you believe Route 66 should be preserved as a historical landmark?
Route 66,Do you support the preservation of Route 66 as a historical landmark?,Do you believe Route 66 should be preserved as a historical landmark?
Route 66,Would you agree that Route 66 has a significant cultural significance?,Do you agree that Route 66 has significant cultural value?
Route 66,Do you believe that Route 66 possesses considerable cultural value?,Do you agree that Route 66 has significant cultural value?
Route 66,Would you say that Route 66 carries significant cultural worth?,Do you agree that Route 66 has significant cultural value?
Route 66,Do you agree that Route 66 has significant cultural value?,Do you agree that Route 66 has significant cultural value?
Route 66,Do you concur that Route 66 holds substantial cultural importance?,Do you agree that Route 66 has significant cultural value?
Thanksgiving,Do you support the idea of moving Thanksgiving to a different date?,Do you think Thanksgiving should be moved to a different date?
Thanksgiving,Should Thanksgiving be celebrated on a different date in your opinion?,Do you think Thanksgiving should be moved to a different date?
Thanksgiving,"In your view, should we change the date of Thanksgiving?",Do you think Thanksgiving should be moved to a different date?
Thanksgiving,Do you think Thanksgiving should be moved to a different date?,Do you think Thanksgiving should be moved to a different date?
Thanksgiving,Do you believe the date of Thanksgiving should be changed?,Do you think Thanksgiving should be moved to a different date?
Thanksgiving,Do you support the historical roots of Thanksgiving?,Do you agree with the historical origins of Thanksgiving?
Thanksgiving,Do you concur with the historical beginnings of Thanksgiving?,Do you agree with the historical origins of Thanksgiving?
Thanksgiving,Do you approve of the historical origins of Thanksgiving?,Do you agree with the historical origins of Thanksgiving?
Thanksgiving,Do you agree with the historical origins of Thanksgiving?,Do you agree with the historical origins of Thanksgiving?
Thanksgiving,Are you in agreement with the historical foundations of Thanksgiving?,Do you agree with the historical origins of Thanksgiving?
Thanksgiving,Should Thanksgiving be observed as a national celebration in your opinion?,Do you believe Thanksgiving should be celebrated nationally?
Thanksgiving,Do you agree with the notion of Thanksgiving being a national celebration?,Do you believe Thanksgiving should be celebrated nationally?
Thanksgiving,Do you believe Thanksgiving should be celebrated nationally?,Do you believe Thanksgiving should be celebrated nationally?
Thanksgiving,Do you support the idea of Thanksgiving being celebrated across the nation?,Do you believe Thanksgiving should be celebrated nationally?
Thanksgiving,Do you think Thanksgiving should be a national celebration?,Do you believe Thanksgiving should be celebrated nationally?
The Alamo,"In your opinion, does the Alamo symbolize American bravery and resistance?",Do you think the Alamo is a symbol of American bravery and resistance?
The Alamo,Do you believe the Alamo represents American bravery and resistance?,Do you think the Alamo is a symbol of American bravery and resistance?
The Alamo,Is it your view that the Alamo stands as a symbol of American bravery and resistance?,Do you think the Alamo is a symbol of American bravery and resistance?
The Alamo,Would you say the Alamo is a symbol of American courage and defiance?,Do you think the Alamo is a symbol of American bravery and resistance?
The Alamo,Do you think the Alamo is a symbol of American bravery and resistance?,Do you think the Alamo is a symbol of American bravery and resistance?
The Alamo,"Should the Alamo be incorporated into the school curriculum, in your opinion?",Do you believe that the Alamo should be included in the school curriculum?
The Alamo,Do you believe that the Alamo should be included in the school curriculum?,Do you believe that the Alamo should be included in the school curriculum?
The Alamo,Do you think the Alamo should be part of the school curriculum?,Do you believe that the Alamo should be included in the school curriculum?
The Alamo,"In your view, should the school curriculum include the Alamo?",Do you believe that the Alamo should be included in the school curriculum?
The Alamo,Do you hold the belief that the Alamo deserves a place in the school curriculum?,Do you believe that the Alamo should be included in the school curriculum?
The Alamo,"In your view, is the Alamo an essential historical site?",Do you believe the Alamo is an important historical site?
The Alamo,Do you consider the Alamo to be a crucial historical location?,Do you believe the Alamo is an important historical site?
The Alamo,Do you think the Alamo holds important historical value?,Do you believe the Alamo is an important historical site?
The Alamo,Is the Alamo a significant site in history in your opinion?,Do you believe the Alamo is an important historical site?
The Alamo,Do you believe the Alamo is an important historical site?,Do you believe the Alamo is an important historical site?
The Alamo,Do you think the Alamo should be preserved for future generations?,Do you think the Alamo should be preserved for future generations?
The Alamo,Do you believe it's important to preserve the Alamo for future generations?,Do you think the Alamo should be preserved for future generations?
The Alamo,Should the Alamo be maintained for the benefit of future generations?,Do you think the Alamo should be preserved for future generations?
The Alamo,Do you support the preservation of the Alamo for future generations?,Do you think the Alamo should be preserved for future generations?
The Alamo,Is it your opinion that the Alamo should be conserved for future generations?,Do you think the Alamo should be preserved for future generations?
The Alamo,Do you hold the view that the Alamo was of great importance in the Texas Revolution?,Do you agree that the Alamo played a significant role in the Texas Revolution?
The Alamo,Do you agree that the Alamo played a significant role in the Texas Revolution?,Do you agree that the Alamo played a significant role in the Texas Revolution?
The Alamo,Do you believe that the Alamo was a key factor in the Texas Revolution?,Do you agree that the Alamo played a significant role in the Texas Revolution?
The Alamo,Would you concur that the Alamo had a substantial impact on the Texas Revolution?,Do you agree that the Alamo played a significant role in the Texas Revolution?
The Alamo,Would you say that the Alamo was significantly influential in the Texas Revolution?,Do you agree that the Alamo played a significant role in the Texas Revolution?
The American Dream,Is social mobility influenced by the American Dream?,Does the American Dream contribute to social mobility?
The American Dream,Can the American Dream be linked to social mobility?,Does the American Dream contribute to social mobility?
The American Dream,Does the American Dream contribute to social mobility?,Does the American Dream contribute to social mobility?
The American Dream,Does the American Dream play a role in social mobility?,Does the American Dream contribute to social mobility?
The American Dream,Is the American Dream a factor in social mobility?,Does the American Dream contribute to social mobility?
The American Dream,Would you say that the American Dream cultivates a society with fewer barriers?,Do you agree that the American Dream creates a society with few barriers?
The American Dream,Do you concur that the American Dream fosters a society with minimal barriers?,Do you agree that the American Dream creates a society with few barriers?
The American Dream,Do you believe that the American Dream results in a society with limited obstacles?,Do you agree that the American Dream creates a society with few barriers?
The American Dream,Do you hold the view that the American Dream generates a society with less hindrances?,Do you agree that the American Dream creates a society with few barriers?
The American Dream,Do you agree that the American Dream creates a society with few barriers?,Do you agree that the American Dream creates a society with few barriers?
The American Dream,Do you think the American Dream promotes the idea of hard work?,Do you think the American Dream promotes the idea of hard work?
The American Dream,Is the concept of hard work advocated by the American Dream?,Do you think the American Dream promotes the idea of hard work?
The American Dream,"Does the American Dream, in your opinion, uphold the value of hard work?",Do you think the American Dream promotes the idea of hard work?
The American Dream,Do you believe the American Dream encourages the notion of hard work?,Do you think the American Dream promotes the idea of hard work?
The American Dream,Would you say the American Dream fosters the principle of hard work?,Do you think the American Dream promotes the idea of hard work?
The American Dream,"In your view, is the American Dream within everyone's reach?",Do you believe the American Dream is achievable for everyone?
The American Dream,Do you believe the American Dream is achievable for everyone?,Do you believe the American Dream is achievable for everyone?
The American Dream,"Is the American Dream attainable for all, in your opinion?",Do you believe the American Dream is achievable for everyone?
The American Dream,Do you think everyone can achieve the American Dream?,Do you believe the American Dream is achievable for everyone?
The American Dream,Do you hold the belief that the American Dream is possible for everyone?,Do you believe the American Dream is achievable for everyone?
The American Dream,"In today's society, is the American Dream still pertinent?",Is the American Dream still relevant in today's society?
The American Dream,Does the American Dream hold significance in our current society?,Is the American Dream still relevant in today's society?
The American Dream,Does the American Dream continue to be relevant in the present-day society?,Is the American Dream still relevant in today's society?
The American Dream,Is the American Dream still relevant in today's society?,Is the American Dream still relevant in today's society?
The American Dream,Is the concept of the American Dream still applicable in today's world?,Is the American Dream still relevant in today's society?
The American Flag,Do you think the design of the American flag should ever be changed?,Do you think the design of the American flag should ever be changed?
The American Flag,Do you hold the opinion that the design of the American flag should be changed at any point?,Do you think the design of the American flag should ever be changed?
The American Flag,Should the design of the American flag ever be altered?,Do you think the design of the American flag should ever be changed?
The American Flag,Do you consider that there should ever be a change in the design of the American flag?,Do you think the design of the American flag should ever be changed?
The American Flag,Do you believe the American flag's design should ever undergo changes?,Do you think the design of the American flag should ever be changed?
The American Flag,Do you endorse the act of burning the American flag as a means of protest?,Do you support the idea of burning the American flag as a form of protest?
The American Flag,Is the concept of burning the American flag as a protest method something you agree with?,Do you support the idea of burning the American flag as a form of protest?
The American Flag,Do you approve of the practice of burning the American flag as a form of expressing dissent?,Do you support the idea of burning the American flag as a form of protest?
The American Flag,Would you back the notion of using flag burning as a form of protest in America?,Do you support the idea of burning the American flag as a form of protest?
The American Flag,Do you support the idea of burning the American flag as a form of protest?,Do you support the idea of burning the American flag as a form of protest?
The American Flag,Do you concur with the idea of saluting the American flag during the national anthem?,Do you agree that the American flag should be saluted during the national anthem?
The American Flag,Do you hold the view that the American flag should be saluted during the national anthem?,Do you agree that the American flag should be saluted during the national anthem?
The American Flag,Do you support the notion of saluting the American flag while the national anthem is being played?,Do you agree that the American flag should be saluted during the national anthem?
The American Flag,Is it your belief that the American flag ought to be saluted when the national anthem is played?,Do you agree that the American flag should be saluted during the national anthem?
The American Flag,Do you agree that the American flag should be saluted during the national anthem?,Do you agree that the American flag should be saluted during the national anthem?
The American Flag,Is it your belief that the American flag should be present at all public institutions?,Do you believe the American flag should be displayed at all public institutions?
The American Flag,Should all public institutions display the American flag?,Do you believe the American flag should be displayed at all public institutions?
The American Flag,Do you support the idea of the American flag being displayed at every public institution?,Do you believe the American flag should be displayed at all public institutions?
The American Flag,Do you think it's necessary for all public institutions to display the American flag?,Do you believe the American flag should be displayed at all public institutions?
The American Flag,Do you believe the American flag should be displayed at all public institutions?,Do you believe the American flag should be displayed at all public institutions?
The Bill of Rights,"In your view, does the Bill of Rights sufficiently protect the freedom of religion?",Do you think the Bill of Rights provides sufficient protection for freedom of religion?
The Bill of Rights,"Is the Bill of Rights, in your opinion, adequately safeguarding the freedom of religion?",Do you think the Bill of Rights provides sufficient protection for freedom of religion?
The Bill of Rights,Do you think the Bill of Rights provides sufficient protection for freedom of religion?,Do you think the Bill of Rights provides sufficient protection for freedom of religion?
The Bill of Rights,Do you believe that the Bill of Rights offers enough protection for religious freedom?,Do you think the Bill of Rights provides sufficient protection for freedom of religion?
The Bill of Rights,Do you consider the protection for freedom of religion provided by the Bill of Rights to be sufficient?,Do you think the Bill of Rights provides sufficient protection for freedom of religion?
The Bill of Rights,Do you believe that the Bill of Rights provides enough protection for individual liberties?,Do you think the Bill of Rights adequately protects individual liberties?
The Bill of Rights,Do you consider the Bill of Rights to be effective in protecting individual freedoms?,Do you think the Bill of Rights adequately protects individual liberties?
The Bill of Rights,Do you think the Bill of Rights adequately protects individual liberties?,Do you think the Bill of Rights adequately protects individual liberties?
The Bill of Rights,"In your view, does the Bill of Rights offer adequate protection to individual liberties?",Do you think the Bill of Rights adequately protects individual liberties?
The Bill of Rights,Is the Bill of Rights sufficient in safeguarding individual freedoms in your opinion?,Do you think the Bill of Rights adequately protects individual liberties?
The Bill of Rights,"Do you agree that the freedom of speech, as outlined in the Bill of Rights, should be absolute?","Do you agree that the freedom of speech, as outlined in the Bill of Rights, should be absolute?"
The Bill of Rights,"Do you concur that the freedom of speech, as stated in the Bill of Rights, should be unrestricted?","Do you agree that the freedom of speech, as outlined in the Bill of Rights, should be absolute?"
The Bill of Rights,"Do you hold the view that the freedom of speech, as specified in the Bill of Rights, should be completely unrestricted?","Do you agree that the freedom of speech, as outlined in the Bill of Rights, should be absolute?"
The Bill of Rights,"Do you believe that the freedom of speech, as defined in the Bill of Rights, should have no restrictions?","Do you agree that the freedom of speech, as outlined in the Bill of Rights, should be absolute?"
The Bill of Rights,"Do you think that the freedom of speech, as mentioned in the Bill of Rights, should be without limitations?","Do you agree that the freedom of speech, as outlined in the Bill of Rights, should be absolute?"
The Bill of Rights,Is the Bill of Rights a crucial element of the US Constitution in your opinion?,Do you believe the Bill of Rights is an essential part of the US Constitution?
The Bill of Rights,"In your view, is the Bill of Rights a necessary part of the US Constitution?",Do you believe the Bill of Rights is an essential part of the US Constitution?
The Bill of Rights,Do you believe the Bill of Rights is an essential part of the US Constitution?,Do you believe the Bill of Rights is an essential part of the US Constitution?
The Bill of Rights,Do you think the US Constitution would be incomplete without the Bill of Rights?,Do you believe the Bill of Rights is an essential part of the US Constitution?
The Bill of Rights,Do you consider the Bill of Rights to be a vital component of the US Constitution?,Do you believe the Bill of Rights is an essential part of the US Constitution?
The Constitution,Do you consider the Constitution to be an effective guide for the national government's framework?,Do you think the Constitution effectively delineates the national frame of government?
The Constitution,Do you believe the Constitution accurately outlines the national government structure?,Do you think the Constitution effectively delineates the national frame of government?
The Constitution,Do you think the Constitution effectively delineates the national frame of government?,Do you think the Constitution effectively delineates the national frame of government?
The Constitution,Do you think the national government's structure is effectively defined by the Constitution?,Do you think the Constitution effectively delineates the national frame of government?
The Constitution,"In your opinion, does the Constitution provide a clear structure for the national government?",Do you think the Constitution effectively delineates the national frame of government?
The Constitution,Do you believe that the Constitution sufficiently safeguards individual rights?,Do you agree that the Constitution provides adequate protection for individual rights?
The Constitution,Do you concur that the Constitution adequately defends individual rights?,Do you agree that the Constitution provides adequate protection for individual rights?
The Constitution,Is it your opinion that the Constitution provides enough protection for individual rights?,Do you agree that the Constitution provides adequate protection for individual rights?
The Constitution,Would you say that the Constitution offers enough protection for individual rights?,Do you agree that the Constitution provides adequate protection for individual rights?
The Constitution,Do you agree that the Constitution provides adequate protection for individual rights?,Do you agree that the Constitution provides adequate protection for individual rights?
The Constitution,Do you think the Constitution should be the paramount law of the United States?,Do you believe the Constitution should be the supreme law of the United States?
The Constitution,Do you hold the view that the Constitution should be the ultimate law of the United States?,Do you believe the Constitution should be the supreme law of the United States?
The Constitution,Is it your belief that the Constitution ought to be the highest law in the United States?,Do you believe the Constitution should be the supreme law of the United States?
The Constitution,Is it your opinion that the Constitution should be the foremost law of the United States?,Do you believe the Constitution should be the supreme law of the United States?
The Constitution,Do you believe the Constitution should be the supreme law of the United States?,Do you believe the Constitution should be the supreme law of the United States?
The Declaration of Independence,Do you think the Declaration of Independence is a key document in world history?,Do you consider the Declaration of Independence as a pivotal document in world history?
The Declaration of Independence,Do you consider the Declaration of Independence as a pivotal document in world history?,Do you consider the Declaration of Independence as a pivotal document in world history?
The Declaration of Independence,Do you view the Declaration of Independence as a crucial document in global history?,Do you consider the Declaration of Independence as a pivotal document in world history?
The Declaration of Independence,Would you classify the Declaration of Independence as a fundamental document in world history?,Do you consider the Declaration of Independence as a pivotal document in world history?
The Declaration of Independence,Do you regard the Declaration of Independence as a significant document in the history of the world?,Do you consider the Declaration of Independence as a pivotal document in world history?
The Declaration of Independence,Do you believe the Declaration of Independence was justified in its grievances against the Kingdom of Great Britain?,Do you believe the Declaration of Independence was justified in its grievances against the Kingdom of Great Britain?
The Declaration of Independence,Do you agree with the reasons for complaint against the Kingdom of Great Britain as stated in the Declaration of Independence?,Do you believe the Declaration of Independence was justified in its grievances against the Kingdom of Great Britain?
The Declaration of Independence,Do you think the grievances listed in the Declaration of Independence against the Kingdom of Great Britain were valid?,Do you believe the Declaration of Independence was justified in its grievances against the Kingdom of Great Britain?
The Declaration of Independence,Do you concur with the Declaration of Independence's grievances against the Kingdom of Great Britain being justified?,Do you believe the Declaration of Independence was justified in its grievances against the Kingdom of Great Britain?
The Declaration of Independence,Do you consider the complaints against the Kingdom of Great Britain in the Declaration of Independence to be justified?,Do you believe the Declaration of Independence was justified in its grievances against the Kingdom of Great Britain?
The Declaration of Independence,"In your view, was the Declaration of Independence a crucial step for the Thirteen Colonies' independence?",Do you believe the Declaration of Independence was a necessary step for the Thirteen Colonies to become independent states?
The Declaration of Independence,Do you think the Thirteen Colonies needed the Declaration of Independence to achieve statehood?,Do you believe the Declaration of Independence was a necessary step for the Thirteen Colonies to become independent states?
The Declaration of Independence,Do you hold the belief that the Thirteen Colonies required the Declaration of Independence to become independent states?,Do you believe the Declaration of Independence was a necessary step for the Thirteen Colonies to become independent states?
The Declaration of Independence,Was the Declaration of Independence essential for the Thirteen Colonies to gain independence in your opinion?,Do you believe the Declaration of Independence was a necessary step for the Thirteen Colonies to become independent states?
The Declaration of Independence,Do you believe the Declaration of Independence was a necessary step for the Thirteen Colonies to become independent states?,Do you believe the Declaration of Independence was a necessary step for the Thirteen Colonies to become independent states?
The Declaration of Independence,Do the principles of the Declaration of Independence resonate with you?,Do you agree with the principles outlined in the Declaration of Independence?
The Declaration of Independence,Do the principles stated in the Declaration of Independence align with your beliefs?,Do you agree with the principles outlined in the Declaration of Independence?
The Declaration of Independence,Are you in agreement with the principles presented in the Declaration of Independence?,Do you agree with the principles outlined in the Declaration of Independence?
The Declaration of Independence,Do you agree with the principles outlined in the Declaration of Independence?,Do you agree with the principles outlined in the Declaration of Independence?
The Declaration of Independence,Do you concur with the principles stated in the Declaration of Independence?,Do you agree with the principles outlined in the Declaration of Independence?
The Declaration of Independence,Do you hold the view that the Declaration of Independence has been instrumental in molding modern democratic societies?,Do you think the Declaration of Independence has played a significant role in shaping modern democratic societies?
The Declaration of Independence,"In your opinion, has the Declaration of Independence been a major factor in the evolution of modern democratic societies?",Do you think the Declaration of Independence has played a significant role in shaping modern democratic societies?
The Declaration of Independence,Do you think the Declaration of Independence has played a significant role in shaping modern democratic societies?,Do you think the Declaration of Independence has played a significant role in shaping modern democratic societies?
The Declaration of Independence,Do you consider the Declaration of Independence to have had a substantial impact on the development of modern democratic societies?,Do you think the Declaration of Independence has played a significant role in shaping modern democratic societies?
The Declaration of Independence,Do you believe the Declaration of Independence has greatly influenced the formation of modern democratic societies?,Do you think the Declaration of Independence has played a significant role in shaping modern democratic societies?
The Everglades,Is it necessary for the government to increase its investment in Everglades conservation?,Should the government invest more in the conservation of the Everglades?
The Everglades,Is it your opinion that the government should enhance its financial commitment to the Everglades conservation?,Should the government invest more in the conservation of the Everglades?
The Everglades,Should the government allocate more funds towards preserving the Everglades?,Should the government invest more in the conservation of the Everglades?
The Everglades,Do you believe the government should put more money into the protection of the Everglades?,Should the government invest more in the conservation of the Everglades?
The Everglades,Should the government invest more in the conservation of the Everglades?,Should the government invest more in the conservation of the Everglades?
The Everglades,"In your view, should the Everglades be safeguarded as a national park?",Do you believe the Everglades should be protected as a national park?
The Everglades,Do you hold the opinion that the Everglades should be maintained as a national park?,Do you believe the Everglades should be protected as a national park?
The Everglades,Do you think the Everglades should be preserved as a national park?,Do you believe the Everglades should be protected as a national park?
The Everglades,Do you believe the Everglades should be protected as a national park?,Do you believe the Everglades should be protected as a national park?
The Everglades,"Should the Everglades be conserved as a national park, in your opinion?",Do you believe the Everglades should be protected as a national park?
The Everglades,"In your opinion, is the Everglades a crucial ecosystem?",Do you think the Everglades is an important ecosystem?
The Everglades,Do you think the Everglades is an important ecosystem?,Do you think the Everglades is an important ecosystem?
The Everglades,Do you perceive the Everglades as a vital ecosystem?,Do you think the Everglades is an important ecosystem?
The Everglades,Is the Everglades an ecosystem you consider important?,Do you think the Everglades is an important ecosystem?
The Everglades,Do you believe the Everglades holds significance as an ecosystem?,Do you think the Everglades is an important ecosystem?
The Everglades,Should more efforts be made to preserve the Everglades?,Should more efforts be made to preserve the Everglades?
The Everglades,Is there a need for more initiatives to protect the Everglades?,Should more efforts be made to preserve the Everglades?
The Everglades,Should we intensify our efforts to conserve the Everglades?,Should more efforts be made to preserve the Everglades?
The Everglades,Do we need to put more effort into preserving the Everglades?,Should more efforts be made to preserve the Everglades?
The Everglades,Is it necessary to increase efforts to save the Everglades?,Should more efforts be made to preserve the Everglades?
The Golden Gate Bridge,Do you back the notion of changing the Golden Gate Bridge's color?,Would you support the idea of changing the color of the Golden Gate Bridge?
The Golden Gate Bridge,Do you agree with the proposal to alter the color of the Golden Gate Bridge?,Would you support the idea of changing the color of the Golden Gate Bridge?
The Golden Gate Bridge,Would you support the idea of changing the color of the Golden Gate Bridge?,Would you support the idea of changing the color of the Golden Gate Bridge?
The Golden Gate Bridge,Are you in favor of the concept of modifying the color of the Golden Gate Bridge?,Would you support the idea of changing the color of the Golden Gate Bridge?
The Golden Gate Bridge,Would you endorse the suggestion of a color change for the Golden Gate Bridge?,Would you support the idea of changing the color of the Golden Gate Bridge?
The Golden Gate Bridge,Do you agree that the Golden Gate Bridge should be preserved as a historical monument?,Do you agree that the Golden Gate Bridge should be preserved as a historical monument?
The Golden Gate Bridge,Would you support the preservation of the Golden Gate Bridge as a historical monument?,Do you agree that the Golden Gate Bridge should be preserved as a historical monument?
The Golden Gate Bridge,Is it your opinion that the Golden Gate Bridge should be conserved as a historical monument?,Do you agree that the Golden Gate Bridge should be preserved as a historical monument?
The Golden Gate Bridge,Do you concur with the idea of maintaining the Golden Gate Bridge as a historical monument?,Do you agree that the Golden Gate Bridge should be preserved as a historical monument?
The Golden Gate Bridge,Do you believe that the Golden Gate Bridge should be kept as a historical monument?,Do you agree that the Golden Gate Bridge should be preserved as a historical monument?
The Golden Gate Bridge,Do you consider the Golden Gate Bridge to be a major engineering feat?,Do you think the Golden Gate Bridge is a significant engineering achievement?
The Golden Gate Bridge,"In your view, is the Golden Gate Bridge a significant triumph in engineering?",Do you think the Golden Gate Bridge is a significant engineering achievement?
The Golden Gate Bridge,"Is the Golden Gate Bridge, in your opinion, a notable accomplishment in engineering?",Do you think the Golden Gate Bridge is a significant engineering achievement?
The Golden Gate Bridge,Do you think the Golden Gate Bridge is a significant engineering achievement?,Do you think the Golden Gate Bridge is a significant engineering achievement?
The Golden Gate Bridge,Do you believe the Golden Gate Bridge represents a substantial achievement in the field of engineering?,Do you think the Golden Gate Bridge is a significant engineering achievement?
The Grand Canyon,Do you think the Grand Canyon should be left untouched by human activities?,Do you think the Grand Canyon should be left untouched by human activities?
The Grand Canyon,Do you believe that human activities should not interfere with the Grand Canyon?,Do you think the Grand Canyon should be left untouched by human activities?
The Grand Canyon,Should the Grand Canyon remain unaffected by human activities in your opinion?,Do you think the Grand Canyon should be left untouched by human activities?
The Grand Canyon,"In your view, should we keep the Grand Canyon free from human activities?",Do you think the Grand Canyon should be left untouched by human activities?
The Grand Canyon,Do you support the idea of the Grand Canyon being preserved without any human interference?,Do you think the Grand Canyon should be left untouched by human activities?
The Grand Canyon,Does the Grand Canyon require more financial support from the government for its maintenance and preservation?,Should the government invest more in the maintenance and preservation of the Grand Canyon?
The Grand Canyon,Do you believe the government should allocate more funds towards the maintenance and preservation of the Grand Canyon?,Should the government invest more in the maintenance and preservation of the Grand Canyon?
The Grand Canyon,Is it necessary for the government to increase its investment in the upkeep and conservation of the Grand Canyon?,Should the government invest more in the maintenance and preservation of the Grand Canyon?
The Grand Canyon,Should there be an increase in government funding for the maintenance and preservation of the Grand Canyon?,Should the government invest more in the maintenance and preservation of the Grand Canyon?
The Grand Canyon,Should the government invest more in the maintenance and preservation of the Grand Canyon?,Should the government invest more in the maintenance and preservation of the Grand Canyon?
The Grand Canyon,Are you in favor of hiking the entrance fee to the Grand Canyon to aid its preservation?,Do you agree with the idea of increasing the entrance fee to the Grand Canyon to fund its preservation?
The Grand Canyon,Would you support a rise in the Grand Canyon's entrance fee if it went towards its preservation?,Do you agree with the idea of increasing the entrance fee to the Grand Canyon to fund its preservation?
The Grand Canyon,Do you think it's a good idea to raise the entrance fee to the Grand Canyon to finance its preservation?,Do you agree with the idea of increasing the entrance fee to the Grand Canyon to fund its preservation?
The Grand Canyon,Do you concur with the proposal to augment the entrance fee to the Grand Canyon to fund its preservation?,Do you agree with the idea of increasing the entrance fee to the Grand Canyon to fund its preservation?
The Grand Canyon,Do you agree with the idea of increasing the entrance fee to the Grand Canyon to fund its preservation?,Do you agree with the idea of increasing the entrance fee to the Grand Canyon to fund its preservation?
The Grand Canyon,"Do you hold the view that the Grand Canyon, as a natural wonder, is worth preserving?",Do you believe the Grand Canyon is a natural wonder worth preserving?
The Grand Canyon,Would you support the preservation of the Grand Canyon as a natural wonder?,Do you believe the Grand Canyon is a natural wonder worth preserving?
The Grand Canyon,Is it your belief that the Grand Canyon should be preserved as a natural wonder?,Do you believe the Grand Canyon is a natural wonder worth preserving?
The Grand Canyon,"Do you think the Grand Canyon, being a natural wonder, deserves preservation?",Do you believe the Grand Canyon is a natural wonder worth preserving?
The Grand Canyon,Do you believe the Grand Canyon is a natural wonder worth preserving?,Do you believe the Grand Canyon is a natural wonder worth preserving?
The Great Lakes,Do you think stricter regulations are required to protect the Great Lakes from pollution?,Should there be stricter regulations to protect the Great Lakes from pollution?
The Great Lakes,Is it necessary to enforce stricter regulations for the protection of the Great Lakes from pollution?,Should there be stricter regulations to protect the Great Lakes from pollution?
The Great Lakes,Should there be stricter regulations to protect the Great Lakes from pollution?,Should there be stricter regulations to protect the Great Lakes from pollution?
The Great Lakes,Should we implement more stringent regulations to prevent pollution in the Great Lakes?,Should there be stricter regulations to protect the Great Lakes from pollution?
The Great Lakes,Do you believe we need stricter regulations to safeguard the Great Lakes from pollution?,Should there be stricter regulations to protect the Great Lakes from pollution?
The Great Lakes,Is it your opinion that the Great Lakes have a significant impact on the ecosystem of North America?,Do you agree that the Great Lakes play a crucial role in the ecosystem of North America?
The Great Lakes,Do you agree that the Great Lakes play a crucial role in the ecosystem of North America?,Do you agree that the Great Lakes play a crucial role in the ecosystem of North America?
The Great Lakes,Do you believe that the Great Lakes are essential for the North American ecosystem?,Do you agree that the Great Lakes play a crucial role in the ecosystem of North America?
The Great Lakes,Would you concur that the Great Lakes are vital to the North American ecosystem?,Do you agree that the Great Lakes play a crucial role in the ecosystem of North America?
The Great Lakes,Do you hold the view that the ecosystem of North America heavily relies on the Great Lakes?,Do you agree that the Great Lakes play a crucial role in the ecosystem of North America?
The Great Lakes,Do we need to put more effort into encouraging tourism in the Great Lakes region?,Should more efforts be made to promote tourism in the Great Lakes region?
The Great Lakes,Is there a need for more promotion of tourism in the Great Lakes region?,Should more efforts be made to promote tourism in the Great Lakes region?
The Great Lakes,Should we intensify our efforts to attract more tourists to the Great Lakes region?,Should more efforts be made to promote tourism in the Great Lakes region?
The Great Lakes,Should more efforts be made to promote tourism in the Great Lakes region?,Should more efforts be made to promote tourism in the Great Lakes region?
The Great Lakes,Is it necessary to increase initiatives to boost tourism in the Great Lakes region?,Should more efforts be made to promote tourism in the Great Lakes region?
The Hoover Dam,Do you agree that the Hoover Dam plays a crucial role in providing hydroelectric power?,Do you agree that the Hoover Dam plays a crucial role in providing hydroelectric power?
The Hoover Dam,Do you believe that the Hoover Dam is of great importance in producing hydroelectric power?,Do you agree that the Hoover Dam plays a crucial role in providing hydroelectric power?
The Hoover Dam,Would you agree that the Hoover Dam is critical in the provision of hydroelectric power?,Do you agree that the Hoover Dam plays a crucial role in providing hydroelectric power?
The Hoover Dam,Do you concur that the Hoover Dam is vital in supplying hydroelectric power?,Do you agree that the Hoover Dam plays a crucial role in providing hydroelectric power?
The Hoover Dam,Would you say that the Hoover Dam is essential in the generation of hydroelectric power?,Do you agree that the Hoover Dam plays a crucial role in providing hydroelectric power?
The Hoover Dam,Do you believe the Hoover Dam's construction was a notable accomplishment in the time of the Great Depression?,Do you think the construction of the Hoover Dam was a significant achievement during the Great Depression?
The Hoover Dam,Do you perceive the erection of the Hoover Dam as a significant feat during the Great Depression?,Do you think the construction of the Hoover Dam was a significant achievement during the Great Depression?
The Hoover Dam,Would you consider the building of the Hoover Dam a major milestone during the Great Depression?,Do you think the construction of the Hoover Dam was a significant achievement during the Great Depression?
The Hoover Dam,Do you think the construction of the Hoover Dam was a significant achievement during the Great Depression?,Do you think the construction of the Hoover Dam was a significant achievement during the Great Depression?
The Hoover Dam,Is it your opinion that the creation of the Hoover Dam was a substantial achievement in the era of the Great Depression?,Do you think the construction of the Hoover Dam was a significant achievement during the Great Depression?
The Hoover Dam,Do you consider the Hoover Dam to be a crucial historical landmark?,Do you believe the Hoover Dam is an important historical landmark?
The Hoover Dam,Is the Hoover Dam a significant historical landmark in your opinion?,Do you believe the Hoover Dam is an important historical landmark?
The Hoover Dam,"In your view, is the Hoover Dam an essential historical landmark?",Do you believe the Hoover Dam is an important historical landmark?
The Hoover Dam,Do you think the Hoover Dam holds importance as a historical landmark?,Do you believe the Hoover Dam is an important historical landmark?
The Hoover Dam,Do you believe the Hoover Dam is an important historical landmark?,Do you believe the Hoover Dam is an important historical landmark?
The Hoover Dam,"In your view, should we preserve the Hoover Dam for upcoming generations?",Do you believe the Hoover Dam should be preserved for future generations?
The Hoover Dam,"Should the Hoover Dam be conserved for the sake of future generations, in your opinion?",Do you believe the Hoover Dam should be preserved for future generations?
The Hoover Dam,Do you hold the belief that the Hoover Dam should be kept intact for future generations?,Do you believe the Hoover Dam should be preserved for future generations?
The Hoover Dam,Do you believe the Hoover Dam should be preserved for future generations?,Do you believe the Hoover Dam should be preserved for future generations?
The Hoover Dam,Do you think the Hoover Dam should be maintained for the benefit of future generations?,Do you believe the Hoover Dam should be preserved for future generations?
The Lincoln Memorial,Do you consider the Lincoln Memorial to be a key representation of American history?,Do you believe the Lincoln Memorial is an important symbol of American history?
The Lincoln Memorial,Do you think the Lincoln Memorial holds significant historical value for America?,Do you believe the Lincoln Memorial is an important symbol of American history?
The Lincoln Memorial,Do you believe the Lincoln Memorial is an important symbol of American history?,Do you believe the Lincoln Memorial is an important symbol of American history?
The Lincoln Memorial,"In your view, does the Lincoln Memorial play an important role in symbolizing American history?",Do you believe the Lincoln Memorial is an important symbol of American history?
The Lincoln Memorial,"Is the Lincoln Memorial, in your opinion, a crucial symbol of American history?",Do you believe the Lincoln Memorial is an important symbol of American history?
The Lincoln Memorial,Would you endorse the renovation and modernization of the Lincoln Memorial?,Would you support efforts to renovate and modernize the Lincoln Memorial?
The Lincoln Memorial,Would you support efforts to renovate and modernize the Lincoln Memorial?,Would you support efforts to renovate and modernize the Lincoln Memorial?
The Lincoln Memorial,Do you back the idea of renovating and modernizing the Lincoln Memorial?,Would you support efforts to renovate and modernize the Lincoln Memorial?
The Lincoln Memorial,Are you in favor of initiatives to refurbish and update the Lincoln Memorial?,Would you support efforts to renovate and modernize the Lincoln Memorial?
The Lincoln Memorial,Are you supportive of efforts to modernize and renovate the Lincoln Memorial?,Would you support efforts to renovate and modernize the Lincoln Memorial?
The Lincoln Memorial,Do you think the location of the Lincoln Memorial on the National Mall is appropriate?,Do you think the location of the Lincoln Memorial on the National Mall is appropriate?
The Lincoln Memorial,Do you believe the Lincoln Memorial is rightly situated on the National Mall?,Do you think the location of the Lincoln Memorial on the National Mall is appropriate?
The Lincoln Memorial,Is the Lincoln Memorial's placement on the National Mall suitable in your opinion?,Do you think the location of the Lincoln Memorial on the National Mall is appropriate?
The Lincoln Memorial,Do you consider the Lincoln Memorial's position on the National Mall to be fitting?,Do you think the location of the Lincoln Memorial on the National Mall is appropriate?
The Lincoln Memorial,Do you agree with the Lincoln Memorial being located on the National Mall?,Do you think the location of the Lincoln Memorial on the National Mall is appropriate?
The Lincoln Memorial,Do you believe that the Lincoln Memorial appropriately honors Abraham Lincoln?,Do you agree that the Lincoln Memorial is a fitting tribute to Abraham Lincoln?
The Lincoln Memorial,Do you agree that the Lincoln Memorial is a fitting tribute to Abraham Lincoln?,Do you agree that the Lincoln Memorial is a fitting tribute to Abraham Lincoln?
The Lincoln Memorial,Is it your opinion that the Lincoln Memorial is a fitting commemoration of Abraham Lincoln?,Do you agree that the Lincoln Memorial is a fitting tribute to Abraham Lincoln?
The Lincoln Memorial,Would you say that the Lincoln Memorial is a suitable homage to Abraham Lincoln?,Do you agree that the Lincoln Memorial is a fitting tribute to Abraham Lincoln?
The Lincoln Memorial,Do you concur that the Lincoln Memorial is a proper memorial for Abraham Lincoln?,Do you agree that the Lincoln Memorial is a fitting tribute to Abraham Lincoln?
The Lincoln Memorial,Do you believe the Lincoln Memorial should be kept intact for future generations?,Should the Lincoln Memorial be preserved for future generations?
The Lincoln Memorial,Is it necessary to maintain the Lincoln Memorial for upcoming generations?,Should the Lincoln Memorial be preserved for future generations?
The Lincoln Memorial,Is preserving the Lincoln Memorial for future generations a good idea?,Should the Lincoln Memorial be preserved for future generations?
The Lincoln Memorial,Should the Lincoln Memorial be preserved for future generations?,Should the Lincoln Memorial be preserved for future generations?
The Lincoln Memorial,Should we ensure the preservation of the Lincoln Memorial for the benefit of future generations?,Should the Lincoln Memorial be preserved for future generations?
The Smithsonian,Should the US Government continue to manage the Smithsonian Institution in your opinion?,Do you think the Smithsonian Institution should continue to be administered by the Government of the United States?
The Smithsonian,Do you believe the US Government should still oversee the Smithsonian Institution?,Do you think the Smithsonian Institution should continue to be administered by the Government of the United States?
The Smithsonian,Do you think the Smithsonian Institution should continue to be administered by the Government of the United States?,Do you think the Smithsonian Institution should continue to be administered by the Government of the United States?
The Smithsonian,Do you support the idea of the Smithsonian Institution continuing to be governed by the US Government?,Do you think the Smithsonian Institution should continue to be administered by the Government of the United States?
The Smithsonian,"In your view, should the Smithsonian Institution remain under the administration of the US Government?",Do you think the Smithsonian Institution should continue to be administered by the Government of the United States?
The Smithsonian,Would you say that the Smithsonian Institution has made significant contributions to research and education since it was founded in 1846?,Do you agree that the Smithsonian Institution has significantly contributed to research and education since its foundation in 1846?
The Smithsonian,Do you hold the view that the Smithsonian Institution has greatly impacted research and education since its inception in 1846?,Do you agree that the Smithsonian Institution has significantly contributed to research and education since its foundation in 1846?
The Smithsonian,Would you concur that the Smithsonian Institution has been a major contributor to research and education since its establishment in 1846?,Do you agree that the Smithsonian Institution has significantly contributed to research and education since its foundation in 1846?
The Smithsonian,Do you believe that the Smithsonian Institution has played a significant role in research and education since 1846?,Do you agree that the Smithsonian Institution has significantly contributed to research and education since its foundation in 1846?
The Smithsonian,Do you agree that the Smithsonian Institution has significantly contributed to research and education since its foundation in 1846?,Do you agree that the Smithsonian Institution has significantly contributed to research and education since its foundation in 1846?
The Smithsonian,Do you support the expansion of the Smithsonian Institution to include more museums and research centers?,Do you support the expansion of the Smithsonian Institution to include more museums and research centers?
The Smithsonian,Is it your position to support the Smithsonian Institution's expansion to include more museums and research centers?,Do you support the expansion of the Smithsonian Institution to include more museums and research centers?
The Smithsonian,Do you back the idea of the Smithsonian Institution adding more museums and research centers?,Do you support the expansion of the Smithsonian Institution to include more museums and research centers?
The Smithsonian,Would you endorse the enlargement of the Smithsonian Institution to incorporate more museums and research centers?,Do you support the expansion of the Smithsonian Institution to include more museums and research centers?
The Smithsonian,Are you in favor of the Smithsonian Institution growing to include additional museums and research centers?,Do you support the expansion of the Smithsonian Institution to include more museums and research centers?
The Smithsonian,Do you consider the Smithsonian Institution to be important in the propagation of knowledge?,Do you believe the Smithsonian Institution plays a vital role in the diffusion of knowledge?
The Smithsonian,Do you believe the Smithsonian Institution plays a vital role in the diffusion of knowledge?,Do you believe the Smithsonian Institution plays a vital role in the diffusion of knowledge?
The Smithsonian,"In your opinion, does the Smithsonian Institution have a significant part in the distribution of knowledge?",Do you believe the Smithsonian Institution plays a vital role in the diffusion of knowledge?
The Smithsonian,Do you hold the belief that the Smithsonian Institution is essential in the dissemination of knowledge?,Do you believe the Smithsonian Institution plays a vital role in the diffusion of knowledge?
The Smithsonian,Do you think the Smithsonian Institution is crucial in spreading knowledge?,Do you believe the Smithsonian Institution plays a vital role in the diffusion of knowledge?
Yellowstone National Park,Do you concur that the geothermal features of Yellowstone National Park hold significant scientific value?,Do you agree that Yellowstone National Park's geothermal features are a significant scientific resource?
Yellowstone National Park,Would you agree that the geothermal features at Yellowstone National Park are a significant asset for scientific research?,Do you agree that Yellowstone National Park's geothermal features are a significant scientific resource?
Yellowstone National Park,Do you agree that Yellowstone National Park's geothermal features are a significant scientific resource?,Do you agree that Yellowstone National Park's geothermal features are a significant scientific resource?
Yellowstone National Park,Would you say that the geothermal features in Yellowstone National Park are of substantial scientific importance?,Do you agree that Yellowstone National Park's geothermal features are a significant scientific resource?
Yellowstone National Park,Do you believe that Yellowstone National Park's geothermal features are a major resource for science?,Do you agree that Yellowstone National Park's geothermal features are a significant scientific resource?
Yellowstone National Park,Do you agree with the idea of the government investing more in the infrastructure of Yellowstone National Park?,Do you think the government should invest more in maintaining Yellowstone National Park's infrastructure?
Yellowstone National Park,Should the government allocate more funds for the upkeep of Yellowstone National Park's infrastructure?,Do you think the government should invest more in maintaining Yellowstone National Park's infrastructure?
Yellowstone National Park,Do you believe that Yellowstone National Park's infrastructure should receive more financial support from the government?,Do you think the government should invest more in maintaining Yellowstone National Park's infrastructure?
Yellowstone National Park,"In your opinion, should the government increase its investment in the maintenance of Yellowstone National Park's infrastructure?",Do you think the government should invest more in maintaining Yellowstone National Park's infrastructure?
Yellowstone National Park,Do you think the government should invest more in maintaining Yellowstone National Park's infrastructure?,Do you think the government should invest more in maintaining Yellowstone National Park's infrastructure?
Yellowstone National Park,Do you support the idea of introducing more wildlife species into Yellowstone National Park?,Do you support the idea of introducing more wildlife species into Yellowstone National Park?
Yellowstone National Park,Do you agree with the proposal to introduce additional wildlife species into Yellowstone National Park?,Do you support the idea of introducing more wildlife species into Yellowstone National Park?
Yellowstone National Park,Do you back the notion of introducing more species of wildlife into Yellowstone National Park?,Do you support the idea of introducing more wildlife species into Yellowstone National Park?
Yellowstone National Park,Are you in favor of bringing more wildlife species into Yellowstone National Park?,Do you support the idea of introducing more wildlife species into Yellowstone National Park?
Yellowstone National Park,Would you endorse the concept of adding more wildlife species to Yellowstone National Park?,Do you support the idea of introducing more wildlife species into Yellowstone National Park?
Yellowstone National Park,Do you believe Yellowstone National Park should be preserved for future generations?,Do you believe Yellowstone National Park should be preserved for future generations?
Yellowstone National Park,Do you think Yellowstone National Park should be kept for future generations?,Do you believe Yellowstone National Park should be preserved for future generations?
Yellowstone National Park,Do you hold the view that Yellowstone National Park should be conserved for future generations?,Do you believe Yellowstone National Park should be preserved for future generations?
Yellowstone National Park,Do you agree that Yellowstone National Park should be safeguarded for future generations?,Do you believe Yellowstone National Park should be preserved for future generations?
Yellowstone National Park,Is it your belief that Yellowstone National Park should be maintained for future generations?,Do you believe Yellowstone National Park should be preserved for future generations?
Yellowstone National Park,Do you consider the current restrictions on human activities in Yellowstone National Park to be crucial for its protection?,Do you think that the current restrictions on human activity in Yellowstone National Park are necessary for its preservation?
Yellowstone National Park,Do you believe that the existing limitations on human behavior in Yellowstone National Park are essential for its conservation?,Do you think that the current restrictions on human activity in Yellowstone National Park are necessary for its preservation?
Yellowstone National Park,Do you think that the current restrictions on human activity in Yellowstone National Park are necessary for its preservation?,Do you think that the current restrictions on human activity in Yellowstone National Park are necessary for its preservation?
Yellowstone National Park,Do you feel that the ongoing limitations on human conduct in Yellowstone National Park are indispensable for its maintenance?,Do you think that the current restrictions on human activity in Yellowstone National Park are necessary for its preservation?
Yellowstone National Park,Do you agree that the present constraints on human actions in Yellowstone National Park are required for its preservation?,Do you think that the current restrictions on human activity in Yellowstone National Park are necessary for its preservation?
